{
  "0": [
    0.58424436,
    0.19837027
  ],
  "1": [
    0.872275,
    0.41272783
  ],
  "2": [
    0.43809202,
    0.36971
  ],
  "3": [
    0.25443431,
    0.11518327
  ],
  "4": [
    -0.05309356,
    0.07421989
  ],
  "5": [
    -0.36089757,
    0.19006869
  ],
  "6": [
    0.0,
    0.35137992
  ],
  "7": [
    -0.21815318,
    0.58032287
  ],
  "8": [
    0.25443431,
    0.58032287
  ]
}
