{
  "A": [
    0.10137675,
    -0.54562352
  ],
  "B": [
    0.39457128,
    -0.45226772
  ],
  "C": [
    0.02573703,
    0.03679221
  ],
  "D": [
    0.33526166,
    0.21587512
  ],
  "E": [
    -0.05547267,
    0.43260233
  ],
  "F": [
    -0.3,
    -0.10262158
  ],
  "G": [
    -0.3,
    0.43260233
  ],
  "H": [
    -0.15,
    -0.43260233
  ]
}
