feature,importance
uaf,0.0699621
nullptr,0.04412285
kernel_panic_plus_uaf,0.03887982
deadlock,0.033297803
errorpath,0.0332063
fixprintf,0.03216973
virt,0.03214707
race,0.032055162
leak,0.02947798
skb,0.02762753
improve,0.027096955
netfilter,0.026285604
outofbounds,0.025779657
networking,0.025469407
trace,0.02468096
disk,0.024129946
memory,0.023376716
remote,0.02327613
read,0.023013068
danger,0.022845227
boot,0.02128078
kernel_panic,0.021134898
warnonly,0.020947145
notincludedcomponent,0.020757973
bpf,0.020376768
qdisc,0.020340178
ipv6,0.02022431
init,0.019827195
lock,0.019422613
test,0.019105865
nvme,0.018554673
syzbot,0.018493311
debugfs,0.018442081
servertoclientfail,0.018242074
usb,0.017712934
kasan,0.01497151
write,0.013620318
hardware,0.013569395
spectre,0.012770154
iouring,0.012424072
linus,0.00882784
tipc,0.006494253
cveoutdated,0.003559721
nomemchk,0.0
dma,0.0
logger,0.0
simplefix,0.0
timer,0.0
