{
  "Twilight Sparkle": 0.544374942779541,
  "Rarity": 0.7557982802391052,
  "Fluttershy": 0.7415330410003662,
  "Rainbow Dash": 0.43510082364082336,
  "Pinkie Pie": 0.6035095453262329,
  "Applejack": 0.5002890229225159
}