{
  "name": "SS316LPowder",
  "density": {
    "temperatures": [
      26.85,
      126.85,
      226.85,
      326.85,
      426.85,
      526.85,
      626.85,
      726.85,
      826.85,
      926.85,
      1026.85,
      1126.85,
      1226.85,
      1326.85,
      1426.85,
      1526.85,
      1626.85,
      1726.85,
      1826.85,
      1926.85,
      2026.85,
      2126.85,
      2226.85,
      2326.85,
      2426.85,
      2526.85,
      2626.85,
      2726.85
    ],
    "values": [
      7954,
      7910,
      7864,
      7818,
      7771,
      7723,
      7674,
      7624,
      7574,
      7523,
      7471,
      7419,
      7365,
      7311,
      6979,
      6920,
      6857,
      6791,
      6721,
      6648,
      6571,
      6490,
      6406,
      6318,
      6229,
      6131,
      6032,
      5930
    ],
    "extrapolation": "constant"
  },
  "specificHeatCapacity": {
    "temperatures": [
      324,
      372,
      425,
      472,
      525,
      574,
      620,
      676,
      723,
      772,
      825,
      875
    ],
    "values": [
      422,
      446,
      464,
      479,
      487,
      493,
      496,
      516,
      499,
      486,
      495,
      528
    ],
    "extrapolation": "constant"
  },
  "heatConductivity": {
    "temperatures": [
      -0.15,
      19.85,
      26.85,
      76.85,
      126.85,
      226.85,
      326.85,
      426.85,
      526.85,
      626.85,
      726.85,
      826.85,
      926.85,
      1026.85,
      1126.85,
      1226.85,
      1326.85,
      1370.85,
      1398.85
    ],
    "values": [
      0.246839986,
      0.254606715,
      0.257215189,
      0.274277995,
      0.2888019,
      0.311433011,
      0.327508521,
      0.339428432,
      0.349592743,
      0.360401453,
      0.374254564,
      0.393552075,
      0.420693986,
      0.458080296,
      0.508111007,
      0.573186118,
      0.655705628,
      0.698158993,
      0.727268628
    ],
    "extrapolation": "constant"
  },
  "annealingTemperature": 1040,
  "solidTemperature": 1375,
  "liquidTemperature": 1400,
  "latentHeatOfFusion": 2.8e5,
  "regularization": 1.0,
  "thermalExpansionCoefficient": {
    "temperatures": [ 20.0 ],
    "values": [ 15e-6 ],
    "extrapolation": "constant"
  },
  "youngsModulus": {
    "temperatures": [ 20.0, 100.0, 200.0, 300.0, 400.0, 500.0, 600.0, 700.0, 800.0, 900.0, 1000.0, 1100.0, 1200.0,
      1300.0, 1350.0, 1375.0 ],
    "values": [ 195.0e-2, 191.0e-2, 186.0e-2, 180.0e-2, 173.0e-2, 164.0e-2, 155.0e-2, 144.0e-2, 131.0, 117.0,
      100.0, 81.0, 51.0, 31.0, 21.0, 1.0 ],
    "extrapolation": "constant"
  },
  "poissonRatio": {
    "temperatures": [ 20.0 ],
    "values": [ 0.2 ],
    "extrapolation": "constant"
  },
  "yieldStress": {
    "temperatures": [ 20.0 ],
    "values": [ 1E+10],
    "extrapolation": "constant"
  },
  "hardening": {
    "temperatures": [ 20.0 ],
    "values": [ 0.0 ],
    "extrapolation": "constant"
  }
}