t,Fv_obs,Fv_err
131328, 1.52301309e-29, 3.86173446e-30